{
  "London": {
    "tree_ness": 0.016301845940488436
  },
  "Paris": {
    "tree_ness": 0.015497563853925053
  },
  "Montreal": {
    "tree_ness": 2.8162984801690448e-05
  }
}