kernel,mean_occupancy
0.01,0.48011391666666664
0.02,0.48011391666666664
0.03,0.48011391666666664
0.05,0.48011391666666664
0.08,0.48011391666666664
0.12,0.48011391666666664
