{
  "design": "dendritic",
  "budgetFile": "budget_30.json",
  "reticFile": "retic_2_random.json",
  "gamma": 0.1,
  "totalEdges": 14,
  "totalLengthKm": 14,
  "finalAbundances": {
    "ground_beetle": 4.772215272746601e-7,
    "mouse": 8.635072580665372e-9,
    "raccoon": 4.3289880463521844e-11,
    "bee": 0.000003254436449389416
  },
  "resilience": {
    "design": "dendritic",
    "budgetFile": "budget_30.json",
    "reticFile": "retic_2_random.json",
    "gamma": 0.1,
    "totalEdges": 14,
    "totalLengthKm": 14,
    "final": {
      "ground_beetle": 4.831395466298151e-7,
      "mouse": 8.64097502795269e-9,
      "raccoon": 4.378841422492895e-11,
      "bee": 0.0000034639965842183707
    },
    "resilienceDrop": {
      "droppedEdges": 1,
      "finalAbundances": {
        "ground_beetle": 4.831395466298151e-7,
        "mouse": 8.64097502795269e-9,
        "raccoon": 4.378841422492895e-11,
        "bee": 0.0000034639965842183707
      }
    }
  },
  "parquetPath": "/workspace/output/community_dendritic_full.parquet"
}