{
  "design": "dendritic",
  "budgetFile": "budget_30.json",
  "reticFile": "retic_1_backbone.json",
  "gamma": 0.1,
  "totalEdges": 13,
  "totalLengthKm": 13,
  "finalAbundances": {
    "ground_beetle": 0.000003513146665990608,
    "mouse": 6.219885246396386e-8,
    "raccoon": 3.35100417103299e-10,
    "bee": 0.000023658091666197635
  },
  "resilience": {
    "design": "dendritic",
    "budgetFile": "budget_30.json",
    "reticFile": "retic_1_backbone.json",
    "gamma": 0.1,
    "totalEdges": 13,
    "totalLengthKm": 13,
    "final": {
      "ground_beetle": 0.0000036089516445197284,
      "mouse": 5.707592312019293e-8,
      "raccoon": 3.377647625725346e-10,
      "bee": 0.000023859845735012763
    },
    "resilienceDrop": {
      "droppedEdges": 1,
      "finalAbundances": {
        "ground_beetle": 0.0000036089516445197284,
        "mouse": 5.707592312019293e-8,
        "raccoon": 3.377647625725346e-10,
        "bee": 0.000023859845735012763
      }
    }
  },
  "parquetPath": "/workspace/output/community_dendritic_full.parquet"
}