{
  "design": "shortest",
  "budgetFile": "budget_10.json",
  "reticFile": "retic_1_backbone.json",
  "gamma": 0.1,
  "totalEdges": 13,
  "totalLengthKm": 13,
  "finalAbundances": {
    "ground_beetle": 0.000001154669573109619,
    "mouse": 2.4095342724364297e-8,
    "raccoon": 8.790890184530322e-11,
    "bee": 0.000009521499445132483
  },
  "resilience": {
    "design": "shortest",
    "budgetFile": "budget_10.json",
    "reticFile": "retic_1_backbone.json",
    "gamma": 0.1,
    "totalEdges": 13,
    "totalLengthKm": 13,
    "final": {
      "ground_beetle": 0.0000011569258169088991,
      "mouse": 2.410263175442812e-8,
      "raccoon": 8.808718485150255e-11,
      "bee": 0.000009737853918888321
    },
    "resilienceDrop": {
      "droppedEdges": 1,
      "finalAbundances": {
        "ground_beetle": 0.0000011569258169088991,
        "mouse": 2.410263175442812e-8,
        "raccoon": 8.808718485150255e-11,
        "bee": 0.000009737853918888321
      }
    }
  },
  "parquetPath": "/workspace/output/community_shortest_full.parquet"
}