{
  "design": "shortest",
  "budgetFile": "budget_25.json",
  "reticFile": "retic_2_random.json",
  "gamma": 0,
  "totalEdges": 14,
  "totalLengthKm": 14,
  "finalAbundances": {
    "ground_beetle": 2.4233367147447533e-10,
    "mouse": 1.7817731392422437e-39,
    "raccoon": 91.36405000124233,
    "bee": 0.013760415220554737
  },
  "resilience": {
    "design": "shortest",
    "budgetFile": "budget_25.json",
    "reticFile": "retic_2_random.json",
    "gamma": 0,
    "totalEdges": 14,
    "totalLengthKm": 14,
    "final": {
      "ground_beetle": 2.053520708341644e-10,
      "mouse": 7.680834722233489e-41,
      "raccoon": 90.74049649999156,
      "bee": 0.012867997720729623
    },
    "resilienceDrop": {
      "droppedEdges": 1,
      "finalAbundances": {
        "ground_beetle": 2.053520708341644e-10,
        "mouse": 7.680834722233489e-41,
        "raccoon": 90.74049649999156,
        "bee": 0.012867997720729623
      }
    }
  },
  "parquetPath": "/workspace/output/community_shortest_full.parquet"
}