{
  "design": "shortest",
  "budgetFile": "budget_5.json",
  "reticFile": "retic_1_critical.json",
  "gamma": 0.1,
  "totalEdges": 13,
  "totalLengthKm": 13,
  "finalAbundances": {
    "ground_beetle": 7.086618613716232e-7,
    "mouse": 1.4440399862790813e-8,
    "raccoon": 4.578661248172751e-11,
    "bee": 0.000005070295451306434
  },
  "resilience": {
    "design": "shortest",
    "budgetFile": "budget_5.json",
    "reticFile": "retic_1_critical.json",
    "gamma": 0.1,
    "totalEdges": 13,
    "totalLengthKm": 13,
    "final": {
      "ground_beetle": 9.595260851002783e-7,
      "mouse": 1.3960536151573286e-8,
      "raccoon": 4.5847221677957256e-11,
      "bee": 0.00000507349391095086
    },
    "resilienceDrop": {
      "droppedEdges": 1,
      "finalAbundances": {
        "ground_beetle": 9.595260851002783e-7,
        "mouse": 1.3960536151573286e-8,
        "raccoon": 4.5847221677957256e-11,
        "bee": 0.00000507349391095086
      }
    }
  },
  "parquetPath": "/workspace/output/community_shortest_full.parquet"
}