{
  "design": "shortest",
  "budgetFile": "budget_30.json",
  "reticFile": "retic_1_backbone.json",
  "gamma": 0.1,
  "totalEdges": 13,
  "totalLengthKm": 13,
  "finalAbundances": {
    "ground_beetle": 0.0000019802811552453412,
    "mouse": 4.342389347402056e-8,
    "raccoon": 2.4528652023432005e-10,
    "bee": 0.000023688643814205613
  },
  "resilience": {
    "design": "shortest",
    "budgetFile": "budget_30.json",
    "reticFile": "retic_1_backbone.json",
    "gamma": 0.1,
    "totalEdges": 13,
    "totalLengthKm": 13,
    "final": {
      "ground_beetle": 0.0000021156829735338,
      "mouse": 4.34655952030946e-8,
      "raccoon": 2.629196279066824e-10,
      "bee": 0.00003077946944562053
    },
    "resilienceDrop": {
      "droppedEdges": 1,
      "finalAbundances": {
        "ground_beetle": 0.0000021156829735338,
        "mouse": 4.34655952030946e-8,
        "raccoon": 2.629196279066824e-10,
        "bee": 0.00003077946944562053
      }
    }
  },
  "parquetPath": "/workspace/output/community_shortest_full.parquet"
}