{
  "design": "dendritic",
  "budgetFile": "budget_25.json",
  "reticFile": "retic_1_backbone.json",
  "gamma": 0.1,
  "totalEdges": 13,
  "totalLengthKm": 13,
  "finalAbundances": {
    "ground_beetle": 0.0000031014615886542515,
    "mouse": 5.6123698377457426e-8,
    "raccoon": 2.7325515316464997e-10,
    "bee": 0.00002064607752469887
  },
  "resilience": {
    "design": "dendritic",
    "budgetFile": "budget_25.json",
    "reticFile": "retic_1_backbone.json",
    "gamma": 0.1,
    "totalEdges": 13,
    "totalLengthKm": 13,
    "final": {
      "ground_beetle": 0.0000032495140140071187,
      "mouse": 5.6294745246828845e-8,
      "raccoon": 2.853590811734732e-10,
      "bee": 0.000025837972683980717
    },
    "resilienceDrop": {
      "droppedEdges": 1,
      "finalAbundances": {
        "ground_beetle": 0.0000032495140140071187,
        "mouse": 5.6294745246828845e-8,
        "raccoon": 2.853590811734732e-10,
        "bee": 0.000025837972683980717
      }
    }
  },
  "parquetPath": "/workspace/output/community_dendritic_full.parquet"
}