{
  "design": "dendritic",
  "budgetFile": "budget_0.1.json",
  "reticFile": "retic_2_random.json",
  "gamma": 0.1,
  "totalEdges": 14,
  "totalLengthKm": 14,
  "finalAbundances": {
    "ground_beetle": 2.4367930580900795e-9,
    "mouse": 4.7961039678703315e-11,
    "raccoon": 1.2830282148444267e-13,
    "bee": 1.4697227300905136e-8
  },
  "resilience": {
    "design": "dendritic",
    "budgetFile": "budget_0.1.json",
    "reticFile": "retic_2_random.json",
    "gamma": 0.1,
    "totalEdges": 14,
    "totalLengthKm": 14,
    "final": {
      "ground_beetle": 2.436793987393389e-9,
      "mouse": 4.7947183013839244e-11,
      "raccoon": 1.283028342981315e-13,
      "bee": 1.469722919532315e-8
    },
    "resilienceDrop": {
      "droppedEdges": 1,
      "finalAbundances": {
        "ground_beetle": 2.436793987393389e-9,
        "mouse": 4.7947183013839244e-11,
        "raccoon": 1.283028342981315e-13,
        "bee": 1.469722919532315e-8
      }
    }
  },
  "parquetPath": "/workspace/output/community_dendritic_full.parquet"
}