{
  "design": "shortest",
  "budgetFile": "budget_30.json",
  "reticFile": "retic_1_critical.json",
  "gamma": 0.1,
  "totalEdges": 13,
  "totalLengthKm": 13,
  "final": {
    "ground_beetle": 0.0000011336897192297536,
    "mouse": 8.845551468970066e-8,
    "raccoon": 1.9010360394502623e-10,
    "bee": 0.00002122209570625186
  }
}